name,use_diffusion,use_gnn,use_lstm,epochs,RMSE,R2,Tail_RMSE,Strategy_IR,per_asset_rmse,Uncertainty_Corr,mag_weighted,mc_samples
Base_A_LSTM,False,False,True,20,2.738490104675293,-0.2666473388671875,5.98759651184082,0.024032881387080943,"[np.float32(1.5491153), np.float32(1.8521142), np.float32(1.400128), np.float32(2.8193767), np.float32(2.9813397), np.float32(1.4454981), np.float32(5.1332545), np.float32(2.6319447)]",,,
Base_B_GNN,False,True,False,20,3.6388490200042725,-1.2364616394042969,6.750326156616211,-0.491826333731726,"[np.float32(3.1291304), np.float32(3.3368344), np.float32(2.3701804), np.float32(2.4439113), np.float32(3.8454895), np.float32(3.1300573), np.float32(6.4601674), np.float32(2.6635652)]",,,
Ablation_NoDiff,False,True,True,20,3.6021761894226074,-1.1916100978851318,6.023014545440674,-0.07687078206787745,"[np.float32(3.55151), np.float32(3.55111), np.float32(2.8818839), np.float32(2.915383), np.float32(3.9383004), np.float32(3.2367744), np.float32(5.6197267), np.float32(2.051543)]",,,
Ablation_NoGNN,True,False,True,20,3.5702033042907715,-1.1528773307800293,8.015018463134766,-0.30454302743165207,"[np.float32(2.4244125), np.float32(1.7374576), np.float32(1.930279), np.float32(1.6599236), np.float32(2.84071), np.float32(2.054965), np.float32(8.072823), np.float32(3.021583)]",,,
Ablation_NoWeighted,True,True,True,20,3.6167538166046143,-1.2093844413757324,8.366787910461426,-0.16478600809099708,"[np.float32(2.702618), np.float32(2.5115316), np.float32(2.3181984), np.float32(1.6836034), np.float32(3.4735067), np.float32(2.7874773), np.float32(7.834245), np.float32(1.2712554)]",,False,
DS-TGNN_Full,True,True,True,20,3.618955373764038,-1.2120749950408936,6.637334823608398,0.09726215079444435,"[np.float32(3.4388602), np.float32(3.0900013), np.float32(2.9178996), np.float32(1.7688572), np.float32(3.2529678), np.float32(3.838229), np.float32(6.2061286), np.float32(2.8156738)]",0.3730246999551214,True,50.0
