name,use_diffusion,use_gnn,use_lstm,epochs,RMSE,R2,Tail_RMSE,Strategy_IR,per_asset_rmse,Uncertainty_Corr,mag_weighted,mc_samples
Base_A_LSTM,False,False,True,20,0.12528356909751892,-1.127168893814087,0.2259773164987564,-0.002240685934758561,"[np.float32(0.067873575), np.float32(0.044878233), np.float32(0.10895368), np.float32(0.06741698), np.float32(0.15559235), np.float32(0.15601401), np.float32(0.18957676), np.float32(0.13432148)]",,,
Base_B_GNN,False,True,False,20,0.11498881131410599,-0.7919459342956543,0.2204340547323227,0.018211633793107525,"[np.float32(0.08269687), np.float32(0.088761665), np.float32(0.06281268), np.float32(0.121505365), np.float32(0.095556505), np.float32(0.12686044), np.float32(0.1882789), np.float32(0.108071536)]",,,
Ablation_NoDiff,False,True,True,20,0.14311820268630981,-1.775897741317749,0.20221289992332458,0.04418751104710987,"[np.float32(0.11396968), np.float32(0.08175593), np.float32(0.13663034), np.float32(0.1490613), np.float32(0.122864276), np.float32(0.11235701), np.float32(0.19046131), np.float32(0.19826013)]",,,
Ablation_NoGNN,True,False,True,20,0.11205307394266129,-0.7016148567199707,0.2590857446193695,0.15649287454688277,"[np.float32(0.070245735), np.float32(0.062984094), np.float32(0.07206689), np.float32(0.059959583), np.float32(0.09652336), np.float32(0.08631793), np.float32(0.24332972), np.float32(0.08234063)]",,,
Ablation_NoWeighted,True,True,True,20,0.14185309410095215,-1.727038860321045,0.31178417801856995,-0.0016202864101087504,"[np.float32(0.09576429), np.float32(0.13187543), np.float32(0.08677381), np.float32(0.062464975), np.float32(0.1852175), np.float32(0.09141407), np.float32(0.26329282), np.float32(0.104879506)]",,False,
DS-TGNN_Full,True,True,True,20,0.11570017784833908,-0.8141858577728271,0.22606095671653748,0.06169269477648717,"[np.float32(0.08280093), np.float32(0.10497808), np.float32(0.11641783), np.float32(0.051459093), np.float32(0.1353927), np.float32(0.085998915), np.float32(0.18685712), np.float32(0.11123006)]",0.06330606454064641,True,50.0
